severity,lng,lat
property,149.129771,-35.275784
property,149.034772,-35.196495
property,149.085165,-35.351625
injury,149.06461,-35.405038
injury,149.091474,-35.339005
property,149.091945,-35.23469
injury,149.135375,-35.26557
injury,149.037822,-35.223195
property,149.087334,-35.233578
property,149.089326,-35.340995
injury,149.08574,-35.336452
property,149.0835,-35.338567
injury,149.114493,-35.319359
injury,149.093287,-35.466553
property,149.132038,-35.260511
injury,149.126211,-35.24276
injury,149.127787,-35.287441
injury,149.095178,-35.353228
injury,149.136949,-35.275215
injury,149.092782,-35.371915
injury,149.169679,-35.302953
injury,149.063094,-35.395739
injury,149.076262,-35.323795
injury,149.140175,-35.264784
injury,149.120885,-35.174157
injury,149.129289,-35.278147
injury,149.140603,-35.261441
injury,149.11171,-35.311197
property,149.128071,-35.277009
injury,149.094289,-35.201564
property,149.101768,-35.286167
property,149.135034,-35.256702
property,149.125364,-35.26361
injury,149.055861,-35.226184
injury,149.143709,-35.334178
injury,149.067695,-35.237648
injury,149.078564,-35.395352
injury,149.129543,-35.276579
property,149.07206,-35.396321
property,149.128567,-35.310746
injury,149.124472,-35.274965
property,149.136407,-35.284281
property,149.133315,-35.284609
injury,149.12998,-35.273871
property,149.090424,-35.238524
property,149.129487,-35.275753
property,149.082379,-35.339936
property,149.104204,-35.439506
injury,149.150366,-35.241775
property,149.12623,-35.283602
injury,149.129165,-35.270238
injury,149.129466,-35.277054
property,149.091157,-35.458012
property,149.072415,-35.214086
injury,149.127956,-35.286394
property,149.137849,-35.250038
property,149.080906,-35.212454
injury,149.129354,-35.277124
injury,149.082629,-35.343795
injury,149.131631,-35.272333
injury,149.096448,-35.371911
property,149.130454,-35.270316
property,149.147097,-35.247418
property,149.099824,-35.371386
injury,149.136689,-35.31699
property,149.049306,-35.249812
property,149.132038,-35.260511
injury,149.145523,-35.316722
property,149.135189,-35.251865
property,149.123364,-35.269545
injury,149.135133,-35.32655
injury,149.068023,-35.248098
injury,149.083411,-35.338483
injury,149.124952,-35.277101
injury,149.124009,-35.300673
injury,149.094282,-35.314715
injury,149.125429,-35.304918
property,149.120758,-35.261735
injury,149.12554,-35.301345
property,149.130011,-35.273675
property,149.135134,-35.32655
property,149.088008,-35.251535
injury,149.12925,-35.277113
property,149.131053,-35.326294
injury,149.122155,-35.333641
injury,149.075938,-35.250347
property,149.073266,-35.253411
injury,149.12366,-35.276929
injury,149.13194,-35.253682
injury,149.117016,-35.27042
property,149.130744,-35.277497
property,149.1805,-35.29915
injury,149.12832,-35.275465
property,149.131123,-35.275476
property,149.129771,-35.275784
property,149.133944,-35.185382
injury,149.117029,-35.282677
property,149.153329,-35.289335
property,149.139243,-35.279179
property,149.062472,-35.320486
property,149.139224,-35.320371
property,149.121779,-35.326312
injury,149.130284,-35.271988
injury,149.139576,-35.252397
property,149.154427,-35.24698
property,149.056862,-35.373888
injury,149.101171,-35.40508
injury,149.129973,-35.265239
injury,149.136885,-35.275187
injury,149.151218,-35.247791
injury,149.160056,-35.253308
injury,149.091613,-35.357062
injury,149.102046,-35.421086
property,149.084187,-35.348857
injury,149.139326,-35.186273
injury,149.052104,-35.240201
injury,149.083448,-35.346764
property,149.108757,-35.31531
injury,149.142979,-35.321577
injury,149.136775,-35.281321
property,149.126564,-35.269916
property,149.132459,-35.258523
property,149.129849,-35.27468
injury,149.134126,-35.273307
property,149.098251,-35.303868
property,149.091475,-35.437784
property,149.128177,-35.275611
property,149.15143,-35.190969
injury,149.101736,-35.357423
injury,149.131355,-35.218246
property,149.057267,-35.256445
injury,149.132814,-35.28366
property,149.136951,-35.275218
property,149.03476,-35.227727
injury,149.096106,-35.260065
injury,149.133358,-35.253575
property,149.084255,-35.34066
property,149.146436,-35.193179
injury,149.176149,-35.337602
injury,149.123362,-35.269556
injury,149.165194,-35.224721
injury,149.089372,-35.341064
property,149.030409,-35.326114
property,149.129369,-35.277652
property,149.13776,-35.265724
fatal,149.067735,-35.216563
injury,149.088006,-35.43398
injury,149.123292,-35.269538
injury,149.127943,-35.287457
property,149.108499,-35.183724
injury,149.106006,-35.403013
property,149.128676,-35.181799
injury,149.124351,-35.280823
injury,149.134877,-35.244191
injury,149.065105,-35.254281
injury,149.139257,-35.320284
injury,149.127718,-35.27825
injury,149.117953,-35.197477
injury,149.123436,-35.269553
property,149.0741,-35.346705
injury,149.130754,-35.326425
injury,149.131089,-35.278616
injury,149.102716,-35.240795
property,149.123019,-35.298227
property,149.135551,-35.249626
property,149.086325,-35.19419
injury,149.134648,-35.244166
injury,149.156383,-35.197308
property,149.130021,-35.169535
injury,149.133358,-35.253575
injury,149.136452,-35.266245
injury,149.122262,-35.300487
property,149.135385,-35.265507
injury,149.132149,-35.260441
property,149.129848,-35.266094
property,149.098262,-35.314365
property,149.130708,-35.273115
injury,149.020755,-35.214181
injury,149.13465,-35.244156
property,149.095742,-35.341929
property,149.085405,-35.341725
injury,149.09132,-35.338898
property,149.122515,-35.272727
injury,149.127672,-35.233784
injury,149.029225,-35.222321
property,149.090005,-35.345538
injury,149.145423,-35.31676
property,149.144228,-35.248676
injury,149.141677,-35.265258
injury,149.083623,-35.338455
property,149.085369,-35.352201
property,149.131619,-35.272404
injury,149.163014,-35.22529
property,149.134948,-35.268217
injury,149.214718,-35.32106
property,149.110191,-35.258727
injury,149.130627,-35.278543
property,149.129574,-35.275762
injury,149.126281,-35.283691
injury,149.136889,-35.275186
property,149.143138,-35.312414
property,149.128818,-35.272381
property,149.047085,-35.341578
injury,149.145103,-35.285062
property,149.118329,-35.286704
property,149.130919,-35.275908
property,149.153469,-35.296929
injury,149.159496,-35.244301
property,149.121003,-35.27414
injury,149.147065,-35.210418
injury,149.140992,-35.313989
injury,149.132038,-35.260511
injury,149.13232,-35.276122
property,149.151776,-35.302597
injury,149.138328,-35.274625
property,149.117985,-35.27908
property,149.132149,-35.260441
injury,149.085872,-35.341284
property,149.126625,-35.242907
injury,149.133358,-35.253575
property,149.091539,-35.357237
injury,149.124848,-35.252745
property,149.107349,-35.403181
injury,149.091132,-35.459208
injury,149.123379,-35.269451
injury,149.107889,-35.195605
property,149.130966,-35.25861
injury,149.052377,-35.380704
property,149.130552,-35.165005
injury,149.17724,-35.32793
property,149.126349,-35.242776
property,149.134301,-35.24828
property,149.040911,-35.22037
property,149.049673,-35.334617
property,149.094094,-35.349094
injury,149.064743,-35.403277
injury,149.115139,-35.278534
injury,149.123652,-35.259599
property,149.129367,-35.277667
property,149.129771,-35.275784
property,149.099597,-35.309441
injury,149.135107,-35.252374
property,149.145596,-35.279249
property,149.124391,-35.280778
property,149.12863,-35.181863
property,149.122458,-35.272791
injury,149.049955,-35.24348
property,149.13047,-35.258897
injury,149.143288,-35.310468
property,149.142105,-35.267147
injury,149.139292,-35.290105
property,149.124541,-35.26646
injury,149.143611,-35.263497
property,149.144751,-35.221318
property,149.039402,-35.342265
property,149.067577,-35.239184
injury,149.115771,-35.310234
property,149.126566,-35.269907
property,149.129362,-35.277698
injury,149.126243,-35.283625
property,149.057384,-35.345382
property,149.075643,-35.250607
property,149.130712,-35.260367
injury,149.078526,-35.424076
property,149.117005,-35.270432
property,149.133328,-35.283082
injury,149.09186,-35.234928
property,149.08566,-35.400559
property,149.135164,-35.242535
property,149.132343,-35.275976
property,149.122297,-35.264884
property,149.151369,-35.281088
injury,149.131111,-35.266868
property,149.092365,-35.364335
injury,149.152031,-35.201328
property,149.132234,-35.260533
injury,149.13306,-35.271537
property,149.068343,-35.420726
injury,149.126543,-35.276812
injury,149.10984,-35.258714
property,149.151372,-35.281087
property,149.122239,-35.337065
injury,149.128393,-35.275634
property,149.154129,-35.251026
property,149.153766,-35.231887
injury,149.130149,-35.272827
injury,149.131745,-35.316558
injury,149.151279,-35.299353
injury,149.129672,-35.277159
injury,149.089402,-35.341107
property,149.030031,-35.239802
property,149.127806,-35.332547
property,149.132936,-35.186484
property,149.081438,-35.348265
property,149.137281,-35.216391
property,149.123354,-35.269606
injury,149.026822,-35.325422
property,149.1181,-35.315441
property,149.056543,-35.349147
property,149.122598,-35.329506
property,149.131226,-35.274835
property,149.139525,-35.269599
property,149.132123,-35.260603
property,149.143685,-35.334232
property,149.135131,-35.252225
property,149.08408,-35.450748
injury,149.129297,-35.2781
property,149.073103,-35.253425
injury,149.140569,-35.25836
injury,149.076807,-35.425403
injury,149.138858,-35.169595
property,149.125803,-35.275353
property,149.135226,-35.266493
property,149.124849,-35.263835
property,149.129936,-35.274143
injury,149.088092,-35.357138
property,149.127908,-35.27827
injury,149.134946,-35.320667
injury,149.121827,-35.273502
injury,149.10191,-35.328214
property,149.137469,-35.329823
property,149.144377,-35.258975
injury,149.070581,-35.236945
injury,149.130334,-35.271677
injury,149.135146,-35.256734
property,149.14379,-35.2763
property,149.141729,-35.311164
property,149.129275,-35.278236
injury,149.143757,-35.24873
injury,149.129695,-35.275632
injury,149.132038,-35.260511
property,149.131163,-35.277557
property,149.129686,-35.275692
property,149.05235,-35.380683
property,149.063604,-35.221864
property,149.109958,-35.25871
property,149.070672,-35.241108
injury,149.087197,-35.233785
property,149.140918,-35.249805
property,149.070897,-35.298967
property,149.059116,-35.213735
injury,149.121947,-35.273367
property,149.119859,-35.283568
property,149.142275,-35.273089
property,149.055795,-35.225943
property,149.142205,-35.248706
injury,149.134777,-35.183235
property,149.131226,-35.283348
property,149.079767,-35.2423
property,149.140178,-35.26934
property,149.132669,-35.317777
property,149.064665,-35.19222
property,149.119854,-35.283564
injury,149.124561,-35.266452
property,149.142866,-35.179905
property,149.094234,-35.201575
property,149.135588,-35.249397
injury,149.12552,-35.277174
property,149.13782,-35.302817
property,149.130667,-35.278296
injury,149.023853,-35.212938
property,149.114457,-35.319537
property,149.119855,-35.283565
injury,149.134115,-35.248265
injury,149.123757,-35.259611
property,149.122059,-35.300644
property,149.063949,-35.247699
injury,149.041998,-35.243057
injury,149.124418,-35.28079
property,149.135134,-35.252206
property,149.133247,-35.253644
injury,149.094845,-35.201457
property,149.121131,-35.259406
property,149.130793,-35.260376
property,149.123946,-35.282655
injury,149.129574,-35.275762
property,149.122363,-35.264986
injury,149.101937,-35.402068
property,149.085486,-35.352532
property,149.083846,-35.341974
property,149.129732,-35.275407
property,149.12523,-35.279816
property,149.067749,-35.246621
injury,149.061037,-35.221098
injury,149.03856,-35.253032
injury,149.129155,-35.279596
injury,149.131117,-35.266834
property,149.063751,-35.240449
injury,149.062183,-35.205588
injury,149.114824,-35.299275
property,149.152799,-35.194185
property,149.143962,-35.187254
property,149.132234,-35.260533
property,149.135594,-35.249357
property,149.103347,-35.236087
property,149.091348,-35.437646
injury,149.136422,-35.303516
injury,149.074225,-35.225719
injury,149.074406,-35.424743
property,149.148002,-35.320624
injury,149.127851,-35.287045
property,149.092782,-35.371915
property,149.085654,-35.429408
property,149.084889,-35.350842
property,149.119501,-35.306867
injury,149.133557,-35.276275
property,149.073544,-35.451007
property,149.074859,-35.242999
property,149.12807,-35.277011
property,149.126684,-35.24309
property,149.129009,-35.271203
injury,149.130071,-35.273309
property,149.133043,-35.319155
property,149.082231,-35.324247
injury,149.124516,-35.278304
property,149.097795,-35.247012
injury,149.147682,-35.24735
property,149.138603,-35.250486
injury,149.130518,-35.270543
property,149.133857,-35.274949
injury,149.088041,-35.357247
property,149.12966,-35.275854
fatal,149.138738,-35.278305
property,149.130525,-35.258957
injury,149.132694,-35.317695
injury,149.11732,-35.27241
injury,149.140948,-35.249816
property,149.187189,-35.297544
property,149.135218,-35.251687
property,149.129356,-35.277734
property,149.129316,-35.317672
injury,149.144379,-35.290862
injury,149.1004,-35.350879
injury,149.060606,-35.226172
property,149.116662,-35.282497
property,149.106995,-35.168742
injury,149.12907,-35.279505
injury,149.129453,-35.277135
property,149.096042,-35.371913
property,149.112934,-35.27746
injury,149.086165,-35.332076
injury,149.13316,-35.305951
injury,149.127598,-35.29156
property,149.129883,-35.266098
injury,149.074321,-35.347672
property,149.143722,-35.276175
injury,149.091038,-35.183684
injury,149.124069,-35.282607
property,149.054086,-35.219133
property,149.13259,-35.266391
injury,149.083452,-35.346774
property,149.170456,-35.29244
injury,149.151434,-35.324934
property,149.130944,-35.337252
property,149.154444,-35.343038
property,149.123364,-35.269545
property,149.140011,-35.264848
injury,149.128937,-35.280328
injury,149.128816,-35.272909
injury,149.130624,-35.278565
property,149.129344,-35.278426
property,149.141104,-35.272024
property,149.178096,-35.33095
injury,149.141787,-35.311098
property,149.129625,-35.276069
injury,149.07853,-35.424081
injury,149.144931,-35.231865
property,149.096927,-35.457404
property,149.124629,-35.275845
injury,149.150949,-35.291556
injury,149.109556,-35.323553
property,149.128919,-35.182119
property,149.067577,-35.239184
injury,149.102291,-35.313288
injury,149.149669,-35.337512
injury,149.121479,-35.311673
injury,149.136934,-35.275188
property,149.031187,-35.224525
injury,149.194407,-35.320999
injury,149.085459,-35.3876
property,149.130113,-35.27305
property,149.127687,-35.193365
injury,149.07449,-35.41535
injury,149.122369,-35.304152
injury,149.117673,-35.270813
property,149.147708,-35.259282
injury,149.131897,-35.270686
property,149.135928,-35.186981
injury,149.122383,-35.304274
injury,149.09778,-35.247004
injury,149.119859,-35.247679
property,149.133752,-35.276381
injury,149.12997,-35.412256
injury,149.123376,-35.269468
injury,149.134787,-35.183285
injury,149.163512,-35.326221
property,149.12393,-35.282661
injury,149.056976,-35.347806
property,149.09009,-35.312926
property,149.070707,-35.348329
injury,149.124481,-35.280827
injury,149.11429,-35.265397
property,149.12107,-35.262998
injury,149.074335,-35.225882
injury,149.089776,-35.257186
injury,149.138552,-35.265421
property,149.082151,-35.313254
injury,149.098261,-35.313132
property,149.031869,-35.237072
property,149.12629,-35.278495
injury,149.177338,-35.334828
property,149.142221,-35.275543
property,149.134416,-35.185461
property,149.065083,-35.255994
property,149.093073,-35.384324
property,149.069208,-35.241109
property,149.027076,-35.205472
injury,149.115138,-35.278531
injury,149.09826,-35.303809
injury,149.05425,-35.218054
injury,149.13326,-35.253564
property,149.146626,-35.262234
property,149.133305,-35.252666
property,149.119441,-35.307031
property,149.140229,-35.264763
property,149.097706,-35.246963
injury,149.140876,-35.249789
property,149.130651,-35.270338
injury,149.085167,-35.284453
property,149.131281,-35.316158
injury,149.11468,-35.271083
injury,149.131772,-35.262776
property,149.129771,-35.275784
property,149.119393,-35.269151
property,149.128514,-35.274268
injury,149.085286,-35.242388
injury,149.085766,-35.341163
property,149.11859,-35.279419
property,149.139905,-35.215324
injury,149.142069,-35.27317
injury,149.086479,-35.328936
property,149.086281,-35.194228
property,149.122283,-35.188468
injury,149.130113,-35.27305
injury,149.131721,-35.26309
injury,149.149417,-35.337657
property,149.126015,-35.275376
injury,149.089698,-35.257303
property,149.142134,-35.310708
property,149.126797,-35.279936
injury,149.126783,-35.275459
property,149.135148,-35.252123
property,149.090916,-35.34649
property,149.13867,-35.26553
property,149.149468,-35.337497
property,149.126569,-35.242849
injury,149.143279,-35.269879
property,149.130501,-35.279329
injury,149.13924,-35.186261
property,149.096027,-35.202361
injury,149.12101,-35.249365
property,149.08048,-35.313981
property,149.098885,-35.305732
property,149.143458,-35.290838
injury,149.145614,-35.311686
property,149.132036,-35.261141
property,149.128313,-35.275625
property,149.095446,-35.366677
injury,149.123655,-35.281777
property,149.067641,-35.237648
injury,149.09533,-35.201382
property,149.141787,-35.311098
property,149.037583,-35.204767
injury,149.112807,-35.421449
injury,149.133042,-35.27165
property,149.102612,-35.159789
injury,149.133369,-35.248184
injury,149.031332,-35.247414
property,149.070623,-35.348156
injury,149.13326,-35.253564
property,149.139209,-35.331893
injury,149.180426,-35.327368
injury,149.085969,-35.253821
property,149.068306,-35.236233
injury,149.160829,-35.246526
injury,149.136029,-35.328402
property,149.05937,-35.242647
property,149.132055,-35.261026
injury,149.15124,-35.29936
property,149.086037,-35.338482
property,149.068779,-35.348377
property,149.134256,-35.277507
injury,149.137377,-35.329969
property,149.134816,-35.321282
injury,149.126589,-35.28017
injury,149.065926,-35.41341
property,149.141886,-35.261858
injury,149.131052,-35.275914
injury,149.098643,-35.260313
injury,149.13075,-35.277787
injury,149.096793,-35.275955
property,149.123446,-35.32074
injury,149.114227,-35.319386
property,149.129926,-35.274205
property,149.165861,-35.226202
injury,149.057116,-35.384064
property,149.124419,-35.280746
property,149.147912,-35.320657
property,149.130211,-35.27306
property,149.02647,-35.225094
injury,149.141077,-35.291323
injury,149.123479,-35.269558
injury,149.08314,-35.411597
property,149.058775,-35.247645
property,149.102291,-35.313288
injury,149.150389,-35.297751
fatal,149.098266,-35.318027
property,149.121958,-35.273355
property,149.086288,-35.194222
injury,149.14479,-35.221149
injury,149.134648,-35.244169
property,149.138619,-35.26721
property,149.128021,-35.276979
property,149.129482,-35.276956
injury,149.126717,-35.275452
property,149.125892,-35.280212
injury,149.039922,-35.204887
injury,149.129294,-35.278115
injury,149.131356,-35.266257
property,149.140984,-35.271295
property,149.12656,-35.269941
injury,149.082822,-35.31296
property,149.075537,-35.260253
property,149.0745,-35.415367
injury,149.135131,-35.285718
property,149.12858,-35.3303
property,149.074997,-35.2523
injury,149.030368,-35.326106
property,149.130247,-35.272219
injury,149.13896,-35.254741
property,149.114434,-35.319426
property,149.080148,-35.230856
injury,149.048044,-35.329383
property,149.140613,-35.250566
property,149.133358,-35.253575
property,149.114117,-35.276012
injury,149.124718,-35.28357
property,149.127692,-35.279354
injury,149.122187,-35.188389
property,149.126245,-35.278605
injury,149.097787,-35.247008
injury,149.083407,-35.33848
injury,149.103046,-35.239277
property,149.130329,-35.271711
property,149.065775,-35.23616
property,149.124579,-35.283595
injury,149.126481,-35.276795
property,149.122997,-35.322205
property,149.097378,-35.39776
injury,149.075849,-35.250066
property,149.130401,-35.247862
injury,149.075867,-35.242936
property,149.127349,-35.300201
property,149.123622,-35.266862
property,149.125123,-35.279954
property,149.131302,-35.27437
property,149.150845,-35.194008
property,149.133731,-35.275718
injury,149.146025,-35.313029
property,149.133364,-35.252917
property,149.058756,-35.252015
injury,149.082952,-35.19178
property,149.083393,-35.338466
property,149.131795,-35.277626
injury,149.092243,-35.217002
property,149.124121,-35.251731
injury,149.130357,-35.27154
injury,149.133358,-35.253575
injury,149.131104,-35.275593
property,149.145668,-35.21594
property,149.141787,-35.311098
property,149.126773,-35.275627
injury,149.147739,-35.292067
injury,149.118566,-35.277765
property,149.064567,-35.358837
injury,149.127728,-35.32839
injury,149.128596,-35.33033
injury,149.153416,-35.296805
injury,149.126471,-35.295604
property,149.12591,-35.275364
property,149.125373,-35.263606
property,149.056169,-35.247334
property,149.093047,-35.384627
injury,149.133111,-35.305867
property,149.064084,-35.241557
property,149.126368,-35.3123
property,149.124018,-35.282626
property,149.147824,-35.270928
property,149.229527,-35.342522
injury,149.092782,-35.371915
property,149.129409,-35.277404
injury,149.154129,-35.251026
property,149.137416,-35.28263
injury,149.056151,-35.247499
property,149.077911,-35.423955
property,149.149673,-35.337509
injury,149.062342,-35.221551
property,149.08628,-35.19423
property,149.124061,-35.2827
property,149.13251,-35.266892
property,149.179631,-35.336284
injury,149.034278,-35.207236
injury,149.136773,-35.31684
property,149.140959,-35.249741
property,149.13024,-35.272263
injury,149.124542,-35.278275
injury,149.086613,-35.326388
injury,149.080627,-35.260358
property,149.135035,-35.26768
injury,149.119504,-35.272894
injury,149.067258,-35.24111
property,149.134656,-35.24412
property,149.145701,-35.316652
property,149.087087,-35.357871
property,149.123364,-35.269545
property,149.086629,-35.326323
property,149.104069,-35.31284
property,149.118957,-35.30103
property,149.103473,-35.239897
property,149.097513,-35.313957
injury,149.085284,-35.351962
property,149.131579,-35.316506
property,149.132207,-35.276868
property,149.131604,-35.285022
injury,149.159756,-35.329269
injury,149.08574,-35.336452
property,149.120309,-35.272904
property,149.127197,-35.326659
property,149.132155,-35.277212
property,149.151735,-35.324674
property,149.098151,-35.318414
property,149.053767,-35.328717
property,149.122269,-35.264964
injury,149.121518,-35.27385
property,149.127811,-35.27945
property,149.124665,-35.283709
property,149.136666,-35.2485
property,149.149367,-35.187353
property,149.18312,-35.340517
property,149.141721,-35.311173
property,149.086997,-35.357892
injury,149.092612,-35.364392
property,149.125302,-35.27731
property,149.104921,-35.310475
injury,149.133127,-35.319097
injury,149.09108,-35.435278
property,149.14069,-35.250431
property,149.128684,-35.310618
injury,148.932212,-35.333277
injury,149.153076,-35.325275
property,149.129784,-35.275081
injury,149.123745,-35.329583
property,149.056525,-35.349076
injury,149.139394,-35.471989
injury,149.148955,-35.32561
property,149.123265,-35.269535
property,149.097267,-35.274071
property,149.143248,-35.324552
property,149.068759,-35.418327
property,149.124386,-35.280783
property,149.119292,-35.267707
property,149.097472,-35.31386
property,149.124017,-35.276534
property,149.027913,-35.207525
injury,149.134651,-35.244147
property,149.125193,-35.263685
property,149.140736,-35.250349
property,149.125383,-35.263602
property,149.139968,-35.281995
injury,149.141637,-35.26334
property,149.126714,-35.322573
property,149.121966,-35.273346
injury,149.131138,-35.275386
injury,149.114548,-35.26834
property,149.153799,-35.228851
property,149.081442,-35.188599
injury,149.144719,-35.407005
injury,149.040968,-35.336017
injury,149.102342,-35.160814
property,149.129849,-35.274683
injury,149.134736,-35.339563
property,149.133779,-35.266563
injury,149.120268,-35.27301
property,149.134812,-35.320479
property,149.011574,-35.213192
property,149.151178,-35.253258
property,149.154129,-35.251026
property,149.109155,-35.206506
injury,149.133953,-35.276373
property,149.123593,-35.268112
injury,149.130452,-35.444108
property,149.11551,-35.281919
property,149.043257,-35.335116
property,149.132852,-35.260599
property,149.130497,-35.270671
property,149.14436,-35.272277
property,149.129574,-35.275762
property,149.067897,-35.248064
property,149.062925,-35.320316
injury,149.060021,-35.235296
property,149.135232,-35.255475
property,149.125389,-35.263599
property,149.08333,-35.34866
property,149.076653,-35.340018
property,149.146208,-35.248531
injury,149.171507,-35.335417
property,149.133589,-35.308065
injury,149.126367,-35.278141
property,149.073578,-35.241974
property,149.138372,-35.320236
injury,149.076063,-35.248192
injury,149.146778,-35.313696
property,149.134109,-35.273412
property,149.035256,-35.352858
property,149.115357,-35.258775
injury,149.152805,-35.194186
property,149.143709,-35.334178
property,149.130414,-35.253845
injury,149.072411,-35.426957
property,149.134946,-35.305833
injury,149.109223,-35.242787
injury,149.055423,-35.238746
property,149.11732,-35.27241
property,149.144903,-35.231376
property,149.120388,-35.418775
injury,149.065867,-35.319149
property,149.057956,-35.236105
property,149.124895,-35.27853
injury,149.049171,-35.333777
injury,149.114206,-35.265389
injury,149.12657,-35.29091
injury,149.123957,-35.28265
injury,149.123573,-35.266846
property,149.077086,-35.428751
property,149.073649,-35.426473
injury,149.111135,-35.279366
property,149.125709,-35.240485
property,149.127742,-35.193327
injury,149.13176,-35.262853
injury,149.132636,-35.2041
property,149.125714,-35.275179
injury,149.132019,-35.261246
injury,149.069767,-35.424782
property,149.130454,-35.270939
injury,149.129275,-35.278236
property,149.120304,-35.272926
injury,149.098193,-35.301612
property,149.121868,-35.264223
property,149.126137,-35.312196
injury,149.1252,-35.266172
property,149.13287,-35.182986
injury,149.075339,-35.417082
property,149.118655,-35.277666
property,149.123857,-35.282689
injury,149.133338,-35.261831
property,149.1268,-35.275461
injury,149.140275,-35.251123
injury,149.126355,-35.28382
property,149.129574,-35.275762
injury,149.063433,-35.330494
property,149.083651,-35.33843
injury,149.048573,-35.206677
injury,149.126108,-35.265776
property,149.131415,-35.273192
injury,149.086945,-35.26207
property,149.134779,-35.322431
property,149.129532,-35.276646
property,149.128276,-35.275739
property,149.161833,-35.284411
property,149.120875,-35.255322
injury,149.125074,-35.275273
property,149.111562,-35.265367
injury,149.067484,-35.247754
property,149.122239,-35.335625
property,149.130886,-35.28373
injury,149.135129,-35.25224
property,149.138838,-35.254821
injury,149.147232,-35.282333
property,149.150405,-35.29778
injury,149.084099,-35.348608
property,149.064864,-35.419032
property,149.131393,-35.26512
property,149.134855,-35.321076
property,149.150951,-35.193494
property,149.134168,-35.273048
injury,149.149303,-35.279301
property,149.080857,-35.353043
property,149.106853,-35.178092
injury,149.053957,-35.330323
property,149.141563,-35.317049
property,149.139669,-35.249329
property,149.123959,-35.28265
property,149.12932,-35.277957
property,149.125246,-35.284704
property,149.132023,-35.26122
property,149.142361,-35.248793
property,149.136502,-35.251268
injury,149.141125,-35.289262
injury,149.1174,-35.300358
injury,149.130427,-35.253827
property,149.146142,-35.271558
property,149.083127,-35.326443
property,149.132426,-35.302994
property,149.169303,-35.32341
property,149.143272,-35.243244
property,149.114575,-35.26842
property,149.128077,-35.276971
property,149.133382,-35.303565
property,149.143474,-35.275055
injury,149.073611,-35.260864
property,149.132642,-35.273325
property,149.121906,-35.300499
injury,149.148222,-35.293509
property,149.138093,-35.324095
injury,149.134102,-35.248345
property,149.06312,-35.399737
injury,149.128295,-35.275624
injury,149.140296,-35.251127
injury,149.084132,-35.348701
property,149.142926,-35.291805
injury,149.077339,-35.393729
injury,149.122297,-35.264951
injury,149.124508,-35.266475
property,149.145365,-35.311256
injury,149.132234,-35.260533
property,149.158854,-35.251179
property,149.161086,-35.225955
property,149.126834,-35.183814
property,149.091321,-35.338898
property,149.121761,-35.273576
property,149.131589,-35.273211
injury,149.074448,-35.226051
property,149.128082,-35.27694
injury,149.133305,-35.252666
property,149.0928,-35.384226
property,149.132593,-35.266374
injury,149.124464,-35.280817
property,149.13272,-35.276104
property,149.144861,-35.271907
property,149.125413,-35.263589
injury,149.133711,-35.273441
property,149.16385,-35.290923
injury,149.118149,-35.272652
property,149.125715,-35.275173
injury,149.133289,-35.253385
property,149.18312,-35.340517
property,149.107405,-35.283628
injury,149.109455,-35.412372
property,149.129049,-35.275705
property,149.064688,-35.348416
property,149.145214,-35.310996
property,149.131428,-35.264908
injury,149.04047,-35.353765
property,149.098154,-35.313234
property,149.132981,-35.272028
injury,149.082437,-35.358827
property,149.077651,-35.424044
property,149.117407,-35.300366
injury,149.084806,-35.406513
property,149.122234,-35.264979
property,149.148832,-35.285674
property,149.135435,-35.263982
property,149.085983,-35.414252
injury,149.141909,-35.318615
property,149.114887,-35.278112
injury,149.082546,-35.342123
property,149.128183,-35.256522
injury,149.089398,-35.341102
injury,149.123928,-35.278966
injury,149.132234,-35.260533
property,149.057992,-35.235828
property,149.129857,-35.274629
property,149.177945,-35.331684
property,149.163375,-35.285931
injury,149.123722,-35.241923
injury,149.094767,-35.415034
property,149.128203,-35.25651
property,149.131437,-35.264851
injury,149.127367,-35.34693
property,149.133993,-35.18666
property,149.056286,-35.244011
property,149.145377,-35.311276
property,149.129861,-35.274609
property,149.143848,-35.276403
property,149.133734,-35.275698
property,149.135632,-35.279346
property,149.130651,-35.270338
injury,149.06394,-35.4123
property,149.131837,-35.262375
injury,149.132598,-35.266347
property,149.13792,-35.248637
property,149.118663,-35.277657
injury,149.199924,-35.344036
injury,149.056862,-35.373888
property,149.13681,-35.264574
injury,149.054751,-35.243632
injury,149.077339,-35.393729
property,149.134449,-35.278568
property,149.128302,-35.275575
injury,149.096127,-35.314223
property,149.114383,-35.319483
injury,149.034036,-35.337321
property,149.086319,-35.35489
property,149.138191,-35.415981
injury,149.114711,-35.152756
injury,149.13326,-35.253564
injury,149.120051,-35.174757
property,149.12583,-35.279084
injury,149.132579,-35.257777
injury,149.144049,-35.313798
injury,149.125861,-35.29936
property,149.062929,-35.320328
property,149.130211,-35.27306
injury,149.150908,-35.295388
property,149.074254,-35.414883
property,149.1326,-35.266393
property,149.129857,-35.274631
injury,149.137676,-35.320058
injury,149.108042,-35.314132
property,149.100871,-35.166593
injury,149.125572,-35.269785
property,149.112921,-35.411601
property,149.074036,-35.242999
injury,149.114609,-35.268313
injury,149.033959,-35.316172
injury,149.129351,-35.277765
property,149.092079,-35.258724
injury,149.188811,-35.308083
injury,149.141988,-35.240784
property,149.17766,-35.212499
property,149.145397,-35.311311
injury,149.085583,-35.253846
property,149.141729,-35.311164
property,149.130497,-35.270672
injury,149.129155,-35.279596
property,149.125722,-35.300837
injury,149.123007,-35.271752
injury,149.134669,-35.244047
property,149.130548,-35.315568
injury,149.118054,-35.278921
property,149.114929,-35.279164
injury,149.070537,-35.24116
injury,149.057403,-35.344041
property,149.114955,-35.278101
property,149.134392,-35.27859
injury,149.124368,-35.28323
property,149.129686,-35.275692
injury,149.135128,-35.252248
property,149.132038,-35.260511
property,149.144628,-35.290572
property,149.140567,-35.310369
property,149.134648,-35.244164
injury,149.124191,-35.266614
property,149.138717,-35.25777
fatal,149.133546,-35.569478
property,149.129039,-35.30622
property,149.135854,-35.309419
property,149.146489,-35.313198
injury,149.083934,-35.427922
injury,149.063792,-35.240585
injury,149.098261,-35.31314
injury,149.040911,-35.330675
injury,149.09028,-35.248987
property,149.133343,-35.306268
injury,149.130024,-35.264918
property,149.067477,-35.238236
injury,149.14257,-35.246894
property,149.124445,-35.280805
injury,149.129216,-35.409854
property,149.12849,-35.274259
injury,149.124497,-35.280837
injury,149.135129,-35.25224
property,149.145005,-35.321926
injury,149.051998,-35.226801
injury,149.138763,-35.344452
property,149.134263,-35.272456
property,149.153927,-35.228865
injury,149.099965,-35.173123
property,149.061921,-35.235644
injury,149.042966,-35.325979
injury,149.116407,-35.253198
injury,149.083404,-35.338477
property,149.153147,-35.237777
property,149.114278,-35.319415
injury,149.167909,-35.322774
property,149.09734,-35.354114
property,149.148471,-35.255225
property,149.14189,-35.261838
property,149.077973,-35.423934
property,149.135479,-35.253805
injury,149.074472,-35.424735
property,149.11911,-35.284622
property,149.05629,-35.243909
property,149.122097,-35.300368
injury,149.123104,-35.279893
property,149.127512,-35.183846
property,149.109015,-35.376984
property,149.020875,-35.228337
injury,149.117616,-35.300883
injury,149.136039,-35.280049
property,149.079708,-35.397963
property,149.127588,-35.288389
injury,149.128887,-35.271954
injury,149.134604,-35.244435
injury,149.154084,-35.246996
property,149.144197,-35.315413
injury,149.134115,-35.248265
property,149.130498,-35.270665
injury,149.131539,-35.32748
property,149.144158,-35.170659
property,149.129887,-35.275796
property,149.154908,-35.253303
injury,149.128308,-35.275543
property,149.146472,-35.316352
injury,149.132762,-35.273381
property,149.124381,-35.26653
injury,149.09153,-35.24578
property,149.074573,-35.253404
property,149.129771,-35.275784
injury,149.15559,-35.184506
property,149.13513,-35.252234
property,149.147912,-35.320657
injury,149.131808,-35.316522
injury,149.162479,-35.24192
injury,149.135694,-35.24874
property,149.1146,-35.268458
property,149.088006,-35.43398
injury,149.119086,-35.31433
property,149.133106,-35.312588
property,149.135622,-35.279328
property,149.098146,-35.313237
injury,149.135497,-35.326484
property,149.123829,-35.279077
property,149.120874,-35.255322
injury,149.1257,-35.275265
property,149.125564,-35.269785
injury,149.121799,-35.253814
injury,149.147518,-35.285586
injury,149.127488,-35.289295
property,149.131639,-35.247996
injury,149.146648,-35.238576
property,149.05525,-35.243646
property,149.162762,-35.20637
property,149.159811,-35.244506
property,149.133393,-35.306354
injury,149.127242,-35.300089
property,149.129574,-35.275762
injury,149.136898,-35.248525
property,149.131018,-35.252804
injury,149.071074,-35.238229
property,149.154101,-35.247076
property,149.127842,-35.278263
property,149.17145,-35.335496
injury,149.127574,-35.288761
injury,149.139809,-35.250945
injury,149.15008,-35.1538
property,149.125556,-35.269784
property,149.085331,-35.352095
property,149.135101,-35.252413
injury,149.126001,-35.273628
injury,149.098306,-35.277845
property,149.129488,-35.275753
property,149.092754,-35.384209
property,149.133943,-35.276537
property,149.129574,-35.275762
injury,149.121875,-35.264235
property,149.130957,-35.253039
injury,149.130043,-35.27348
injury,149.119368,-35.306916
injury,149.151212,-35.247753
property,149.128909,-35.306027
property,149.124548,-35.266457
property,149.131051,-35.275923
injury,149.125711,-35.275196
injury,149.115595,-35.281956
property,149.119669,-35.272006
property,149.127742,-35.193327
injury,149.129771,-35.275784
property,149.130634,-35.278501
injury,149.136792,-35.31692
property,149.098349,-35.313209
injury,149.135221,-35.251671
property,149.048004,-35.360991
property,149.13387,-35.265998
injury,149.135168,-35.251996
injury,149.104443,-35.171026
injury,149.14928,-35.322537
property,149.127697,-35.27932
property,149.123598,-35.268078
injury,149.134783,-35.320471
property,149.12966,-35.275854
injury,149.144498,-35.228882
injury,149.072861,-35.23967
property,149.135132,-35.252224
property,149.12446,-35.280814
injury,149.121082,-35.311951
property,149.151499,-35.23538
property,149.064506,-35.242958
property,149.154031,-35.246744
property,149.132038,-35.260511
property,149.12074,-35.255258
injury,149.040988,-35.330608
injury,149.06769,-35.24662
injury,149.135731,-35.248511
injury,149.171173,-35.306455
property,149.107013,-35.304703
property,149.131528,-35.273204
injury,149.122211,-35.184135
injury,149.091273,-35.4377
property,149.147555,-35.282471
property,149.129355,-35.277742
property,149.135868,-35.270904
property,149.099697,-35.220966
property,149.130951,-35.163638
property,149.125369,-35.263608
property,149.135664,-35.2794
property,149.147987,-35.299016
property,149.188811,-35.308083
property,149.074993,-35.252312
property,149.122064,-35.300591
property,149.134895,-35.253688
injury,149.132554,-35.274671
property,149.129673,-35.275773
property,149.125418,-35.263587
injury,149.141166,-35.259204
injury,149.107112,-35.176036
injury,149.111129,-35.311434
property,149.071109,-35.238394
property,149.130309,-35.271834
property,149.14858,-35.253584
property,149.138069,-35.277159
injury,149.126924,-35.242875
property,149.128306,-35.275551
injury,149.184924,-35.213239
property,149.127487,-35.289298
property,149.177332,-35.327867
injury,149.126431,-35.300867
injury,149.067172,-35.399164
injury,149.122373,-35.265001
injury,149.124452,-35.28081
property,149.058266,-35.235899
property,149.092762,-35.384212
property,149.132583,-35.274492
property,149.140558,-35.250664
injury,149.092301,-35.426303
injury,149.141139,-35.276047
injury,149.13027,-35.272076
property,149.110101,-35.265775
property,149.135733,-35.248498
property,149.129936,-35.274143
property,149.125207,-35.277527
property,149.093073,-35.384324
injury,149.117378,-35.272344
injury,149.100377,-35.350783
property,149.043994,-35.325093
property,149.124628,-35.280511
injury,149.13601,-35.32841
injury,149.012925,-35.329428
property,149.119382,-35.306918
property,149.136989,-35.240594
injury,149.129344,-35.278426
fatal,149.091418,-35.45145
injury,149.181103,-35.327381
property,149.153594,-35.32712
property,149.14051,-35.310436
property,149.14367,-35.276069
property,149.154746,-35.248646
injury,149.065488,-35.235146
injury,149.130272,-35.272062
injury,149.133831,-35.266526
property,149.02701,-35.20546
injury,149.080512,-35.394836
property,149.138127,-35.324136
injury,149.141262,-35.289384
injury,149.190354,-35.31351
property,149.180484,-35.330319
injury,149.135079,-35.309253
injury,149.150753,-35.159309
property,149.132221,-35.27678
injury,149.153811,-35.245704
injury,149.125302,-35.279859
injury,149.13795,-35.249414
property,149.125403,-35.263593
property,149.114286,-35.265399
property,149.123983,-35.251948
property,149.11447,-35.319546
property,149.123462,-35.269556
property,149.121034,-35.274159
injury,149.12966,-35.275854
property,149.121055,-35.2494
property,149.133128,-35.18194
injury,149.130826,-35.21833
injury,149.123514,-35.269562
property,149.130629,-35.260263
property,149.117264,-35.267301
property,149.125565,-35.269785
injury,149.15282,-35.257239
property,149.12186,-35.253917
property,149.135156,-35.252073
property,149.069415,-35.417992
property,149.143597,-35.236019
property,149.093073,-35.384324
injury,149.129771,-35.275784
injury,149.130995,-35.218244
injury,149.129277,-35.268803
injury,149.10752,-35.312191
property,149.137823,-35.344279
property,149.129736,-35.314358
property,149.107859,-35.340388
property,149.130804,-35.218244
injury,149.178271,-35.329099
property,149.082802,-35.312936
property,149.124182,-35.266618
property,149.080349,-35.231235
property,149.126787,-35.275542
property,149.13776,-35.265724
property,149.142165,-35.2488
injury,149.12588,-35.29924
property,149.086294,-35.194217
injury,149.132929,-35.273356
property,149.141276,-35.332932
property,149.125567,-35.269785
injury,149.089385,-35.341083
property,149.142751,-35.220987
property,149.135253,-35.319557
property,149.126679,-35.3226
injury,149.130014,-35.273039
property,149.123599,-35.281785
property,149.146594,-35.200393
property,149.125375,-35.263605
property,149.127684,-35.279401
property,149.130211,-35.27306
injury,149.134856,-35.268787
property,149.139009,-35.253914
injury,149.141787,-35.311098
injury,149.164021,-35.250742
property,149.121159,-35.279751
injury,149.147185,-35.282591
property,149.125732,-35.275063
property,149.126763,-35.275457
property,149.128146,-35.276993
property,149.1339,-35.248242
property,149.121323,-35.260496
injury,149.074428,-35.226034
injury,149.147298,-35.317855
injury,149.086047,-35.265528
injury,149.17005,-35.384084
property,149.143425,-35.275074
injury,149.12747,-35.284607
injury,149.132343,-35.275977
property,149.147695,-35.259362
injury,149.133172,-35.181761
injury,149.091464,-35.437554
property,149.144839,-35.315163
property,149.129851,-35.274672
property,149.11523,-35.258735
property,149.129808,-35.274934
property,149.063188,-35.347249
property,149.126787,-35.275542
injury,149.133933,-35.270694
property,149.094422,-35.364192
injury,149.138023,-35.265622
injury,149.135185,-35.26675
property,149.126655,-35.276831
property,149.135172,-35.251974
injury,149.165194,-35.224721
property,149.067476,-35.237289
property,149.102161,-35.25996
injury,149.083568,-35.338505
injury,149.068388,-35.352329
injury,149.127264,-35.300163
property,149.126568,-35.242644
injury,149.133305,-35.252666
injury,149.145788,-35.311986
property,149.125422,-35.263585
injury,149.141613,-35.265662
property,149.043935,-35.236248
injury,149.119455,-35.280898
injury,149.150277,-35.297558
property,149.117545,-35.197281
injury,149.098195,-35.320423
property,149.175434,-35.297097
property,149.080347,-35.23124
property,149.09236,-35.364335
property,149.154885,-35.249026
property,149.075158,-35.323401
property,149.052365,-35.380695
property,149.212393,-35.342918
injury,149.125282,-35.279774
injury,149.130601,-35.260437
injury,149.13876,-35.309735
injury,149.12668,-35.276206
property,149.149578,-35.322622
property,149.13204,-35.260511
injury,149.132411,-35.304333
injury,149.123271,-35.269535
property,149.087566,-35.347925
property,149.126681,-35.276179
injury,149.131344,-35.283481
injury,149.134122,-35.248224
property,149.141729,-35.311164
property,149.06162,-35.239653
property,149.127724,-35.297094
property,149.135094,-35.252456
property,149.130267,-35.254038
injury,149.13534,-35.184475
injury,149.154806,-35.248811
injury,149.121839,-35.273489
injury,149.135129,-35.252241
property,149.135342,-35.307625
property,149.017747,-35.222703
injury,149.129562,-35.276458
injury,149.130848,-35.24791
property,149.129353,-35.277124
property,149.119342,-35.306947
property,149.13513,-35.252234
property,149.119837,-35.283562
property,149.143595,-35.236134
injury,149.131114,-35.266231
property,149.129171,-35.270197
injury,149.117216,-35.267227
injury,149.135131,-35.252227
property,149.078138,-35.347692
injury,149.13574,-35.322417
property,149.062229,-35.194432
property,149.138623,-35.250493
injury,149.119658,-35.323027
property,149.115572,-35.274376
property,149.126302,-35.278629
property,149.129157,-35.279584
property,149.136007,-35.279995
property,149.136174,-35.251246
injury,149.085118,-35.351491
property,149.123555,-35.281797
property,149.125338,-35.236711
property,149.132588,-35.266407
property,149.129552,-35.277146
property,149.130651,-35.270338
injury,149.097513,-35.313957
property,149.108346,-35.314666
property,149.130274,-35.272053
property,149.144922,-35.291558
property,149.133262,-35.260644
property,149.125363,-35.26361
property,149.123946,-35.282664
injury,149.133915,-35.248221
injury,149.103647,-35.259911
injury,149.13166,-35.263472
property,149.139907,-35.257249
injury,149.119411,-35.280677
property,149.12637,-35.241988
property,149.122364,-35.264986
injury,149.142367,-35.301203
property,149.127674,-35.328476
injury,149.117792,-35.273851
property,149.125147,-35.275273
property,149.124881,-35.314823
injury,149.132795,-35.340405
property,149.053438,-35.326392
injury,149.132927,-35.318635
injury,149.047116,-35.341514
property,149.133926,-35.270693
property,149.132425,-35.258736
injury,149.048323,-35.236306
property,149.132305,-35.280813
property,149.075831,-35.250111
injury,149.125855,-35.279098
injury,149.128254,-35.27577
injury,149.11901,-35.284737
property,149.130502,-35.270639
injury,149.046177,-35.35986
injury,149.150926,-35.295368
property,149.104124,-35.339598
injury,149.12975,-35.275292
injury,149.159515,-35.244256
injury,149.133035,-35.182316
injury,149.123581,-35.266858
property,149.108575,-35.368282
property,149.155474,-35.250259
injury,149.099407,-35.373633
injury,149.086264,-35.330276
property,149.14225,-35.288134
injury,149.151741,-35.335197
injury,149.134942,-35.25939
property,149.131734,-35.271691
property,149.138009,-35.265627
property,149.101495,-35.341909
property,149.110432,-35.317508
injury,149.080309,-35.189288
injury,149.125732,-35.275063
property,149.125706,-35.275228
property,149.124087,-35.2826
property,149.053356,-35.326437
property,149.132307,-35.304477
property,149.129288,-35.278151
property,149.149727,-35.337782
property,149.126461,-35.29565
property,149.116512,-35.317089
injury,149.042515,-35.350003
property,149.149961,-35.20398
injury,149.089909,-35.348972
injury,149.151311,-35.192373
injury,149.082378,-35.339936
injury,149.122335,-35.318335
property,149.123513,-35.311114
property,149.125288,-35.279768
property,149.093072,-35.384324
property,149.067116,-35.417699
property,149.133121,-35.271162
property,149.052908,-35.203013
property,149.124476,-35.280824
property,149.127896,-35.270038
property,149.135189,-35.266724
property,149.124169,-35.256515
property,149.087037,-35.23349
property,149.13106,-35.18374
property,149.037666,-35.233416
property,149.134019,-35.248223
property,149.153603,-35.32711
property,149.149054,-35.248122
property,149.14107,-35.275991
injury,149.125526,-35.26978
property,149.130781,-35.315435
injury,149.075568,-35.354754
property,149.112969,-35.265657
injury,149.154615,-35.228382
injury,149.135539,-35.272927
property,149.063499,-35.239277
injury,149.083358,-35.338434
property,149.128064,-35.276944
injury,149.14171,-35.25646
property,149.13513,-35.252236
property,149.097791,-35.24701
property,149.114665,-35.268289
injury,149.145867,-35.244832
property,149.03902,-35.344285
injury,149.135793,-35.271352
property,149.132002,-35.282087
injury,149.115367,-35.276574
injury,149.128173,-35.300405
property,149.143064,-35.243385
property,149.131477,-35.264606
property,149.114559,-35.268395
injury,149.14986,-35.203721
property,149.120729,-35.255327
injury,149.035378,-35.318647
injury,149.129561,-35.308818
injury,149.12424,-35.278614
injury,149.116649,-35.300559
property,149.13372,-35.279769
injury,149.123544,-35.281797
injury,149.150795,-35.298454
injury,149.130294,-35.271928
injury,149.120177,-35.405786
injury,149.032913,-35.226641
property,149.090404,-35.312992
injury,149.13172,-35.340665
property,149.141119,-35.272019
injury,149.124159,-35.281144
property,149.12909,-35.413248
property,149.136938,-35.275195
injury,149.162411,-35.329785
injury,149.129864,-35.266095
property,149.08087,-35.314001
injury,149.124782,-35.252787
property,149.126451,-35.278112
injury,149.143479,-35.220107
injury,149.134109,-35.285133
injury,149.124174,-35.266621
injury,149.108068,-35.297122
property,149.139326,-35.331788
injury,149.124086,-35.332641
property,149.051862,-35.33607
injury,149.130858,-35.313712
injury,149.134896,-35.253682
property,149.036522,-35.204999
property,149.130271,-35.272071
injury,149.131601,-35.27252
property,149.161921,-35.330435
injury,149.118924,-35.18576
property,149.030251,-35.239581
injury,149.153085,-35.325264
property,149.139259,-35.331848
property,149.138067,-35.302876
property,149.125532,-35.269781
property,149.131692,-35.283689
injury,149.144934,-35.321908
injury,149.146839,-35.313802
property,149.135622,-35.279328
property,149.086635,-35.326304
property,149.121996,-35.191134
property,149.062946,-35.320372
injury,149.103504,-35.239858
injury,149.146144,-35.256696
property,149.132025,-35.261214
injury,149.133513,-35.158881
injury,149.063231,-35.347158
property,149.135116,-35.252318
property,149.134015,-35.270703
property,149.128912,-35.271801
injury,149.132704,-35.273745
injury,149.124962,-35.263786
property,149.131091,-35.273156
property,149.132588,-35.274457
property,149.134223,-35.248235
property,149.128298,-35.275603
property,149.074978,-35.252351
property,149.130276,-35.272037
injury,149.136768,-35.274902
property,149.147883,-35.315818
injury,149.129157,-35.279584
property,149.124715,-35.283589
injury,149.141787,-35.311098
property,149.129157,-35.279584
property,149.14231,-35.220227
injury,149.012019,-35.226168
property,149.137402,-35.329861
property,149.147483,-35.187893
injury,149.136703,-35.316866
property,149.028664,-35.343956
property,149.142371,-35.321255
injury,149.142211,-35.248669
injury,149.115884,-35.310208
injury,149.131966,-35.282652
injury,149.135187,-35.266738
injury,149.12465,-35.283614
property,149.141271,-35.332894
injury,149.078161,-35.309778
property,149.080772,-35.255402
property,149.126186,-35.283527
injury,149.149767,-35.296672
injury,149.124958,-35.277806
property,149.127767,-35.278773
property,149.13636,-35.267431
property,149.134902,-35.158997
injury,149.058007,-35.235629
injury,149.135053,-35.309414
property,149.134147,-35.270717
injury,149.13649,-35.259856
property,149.131871,-35.270843
property,149.135622,-35.279328
injury,149.134332,-35.297084
injury,149.147081,-35.316603
injury,149.133882,-35.270688
injury,149.128055,-35.247371
property,149.125289,-35.279852
property,149.138072,-35.248653
property,149.130853,-35.218234
injury,149.122364,-35.304105
property,149.097761,-35.218724
property,149.134389,-35.245735
injury,149.061977,-35.243423
property,149.074305,-35.347592
property,149.088581,-35.34576
injury,149.06403,-35.221895
property,149.061871,-35.245488
injury,149.136714,-35.309594
property,149.132473,-35.275173
property,149.065596,-35.235528
property,149.125507,-35.238327
property,149.082983,-35.31297
injury,149.034771,-35.324212
property,149.170941,-35.207695
property,149.147346,-35.261526
property,149.127769,-35.287553
property,149.134893,-35.186808
property,149.148589,-35.25345
property,149.121322,-35.325397
injury,149.083125,-35.231532
property,149.051262,-35.339099
injury,149.050755,-35.212634
injury,149.127491,-35.288379
property,149.073258,-35.240493
property,149.156169,-35.234717
property,149.040909,-35.335975
injury,149.139227,-35.27915
injury,149.09236,-35.364335
injury,149.127713,-35.311475
property,149.134038,-35.273844
property,149.13692,-35.169399
injury,149.135502,-35.326483
property,149.065323,-35.319459
property,149.135658,-35.248963
injury,149.146686,-35.265616
injury,149.132694,-35.317695
injury,149.156707,-35.194873
property,149.089909,-35.348972
property,149.129344,-35.278426
property,149.146254,-35.187689
injury,149.11431,-35.319565
injury,149.091348,-35.437646
property,149.129905,-35.314261
property,149.188489,-35.312398
property,149.112273,-35.435297
injury,149.151653,-35.230436
injury,149.133624,-35.276183
property,149.166765,-35.333281
property,149.13513,-35.252234
injury,149.133073,-35.182161
property,149.056643,-35.24369
property,149.16789,-35.322797
injury,149.135056,-35.252691
injury,149.138507,-35.32027
injury,149.14051,-35.310436
injury,149.155464,-35.250247
property,149.09292,-35.371915
property,149.133584,-35.30804
property,149.14754,-35.282464
property,149.13026,-35.254047
injury,149.129673,-35.275773
injury,149.064586,-35.403386
property,149.138099,-35.265592
injury,149.135622,-35.279328
property,149.129097,-35.257426
property,149.135218,-35.333505
injury,149.13204,-35.260511
property,149.139733,-35.257072
property,149.134832,-35.321236
injury,149.125565,-35.269785
property,149.131447,-35.273468
property,149.118434,-35.279369
property,149.135047,-35.278335
injury,149.164407,-35.229379
property,149.12949,-35.275766
injury,149.086292,-35.348692
property,149.107299,-35.312792
injury,149.053643,-35.26903
injury,149.125377,-35.263605
injury,148.989142,-35.337123
property,149.085139,-35.351257
injury,148.917285,-35.284785
property,149.117004,-35.259015
injury,149.136876,-35.283676
injury,149.086204,-35.256812
injury,149.094046,-35.456201
injury,149.071987,-35.421372
injury,149.090622,-35.35063
property,149.123942,-35.282665
injury,149.11118,-35.226844
injury,149.154043,-35.251064
injury,149.09236,-35.364335
property,149.143485,-35.290809
injury,149.085097,-35.351725
injury,149.066138,-35.252191
injury,149.130628,-35.278541
property,149.131655,-35.263504
property,149.043701,-35.329763
property,149.123599,-35.268071
injury,149.092197,-35.234751
injury,149.136248,-35.303673
injury,149.131143,-35.183404
injury,149.12957,-35.272991
property,149.143529,-35.29076
property,149.129307,-35.278038
injury,149.169816,-35.294876
property,149.166888,-35.322007
property,149.134252,-35.301025
injury,149.147434,-35.208624
property,149.128566,-35.314932
injury,149.123987,-35.300809
property,149.073351,-35.451595
injury,149.135881,-35.27801
injury,149.136089,-35.253871
property,149.142864,-35.179797
injury,149.122332,-35.299582
injury,149.15053,-35.320615
injury,149.128422,-35.297539
injury,149.072563,-35.385161
property,149.083002,-35.312964
injury,149.071076,-35.238239
property,149.134866,-35.278024
property,149.134389,-35.245735
property,149.135728,-35.24853
property,149.148556,-35.323041
property,149.094847,-35.332517
injury,149.139817,-35.280443
property,149.132259,-35.185468
property,149.131439,-35.273522
property,149.108736,-35.40565
injury,149.145955,-35.234388
property,149.132676,-35.273328
property,149.175434,-35.297097
injury,149.114936,-35.167948
property,149.149893,-35.337382
injury,149.142899,-35.291842
injury,149.11434,-35.319532
injury,149.130553,-35.26085
property,149.131862,-35.284731
injury,149.140968,-35.249535
property,149.15594,-35.196211
injury,149.12815,-35.256543
property,149.140461,-35.250836
injury,149.129561,-35.275769
injury,149.138602,-35.26718
injury,149.136552,-35.317514
injury,149.086321,-35.194208
property,149.145701,-35.316652
injury,149.151675,-35.303315
property,149.042966,-35.325979
property,149.188045,-35.312446
injury,149.12573,-35.275081
property,149.125379,-35.263603
property,149.125558,-35.269784
property,149.136728,-35.278897
injury,149.035236,-35.352849
property,149.134994,-35.285747
property,149.10097,-35.309577
injury,149.083699,-35.343856
injury,149.188381,-35.30734
property,149.0705,-35.221075
injury,149.141621,-35.256444
injury,149.129083,-35.255597
injury,149.125582,-35.275334
property,149.127332,-35.245425
property,149.151131,-35.282818
injury,149.124963,-35.251202
property,149.129561,-35.275769
injury,149.087275,-35.402946
property,149.121332,-35.158223
injury,149.143195,-35.294877
property,149.148499,-35.327956
injury,149.135134,-35.252208
injury,149.136446,-35.302259
property,149.133453,-35.253585
injury,149.085768,-35.253953
property,149.121996,-35.191134
injury,149.129771,-35.275784
property,149.149376,-35.206135
property,149.129051,-35.278394
injury,149.139353,-35.172934
property,149.135047,-35.278335
property,149.069757,-35.170044
property,149.128822,-35.181734
property,149.137469,-35.265838
property,149.130576,-35.317246
property,149.067166,-35.422064
injury,149.050733,-35.212633
property,149.149134,-35.325641
injury,149.11766,-35.259161
injury,149.12393,-35.282667
injury,149.123676,-35.259568
injury,149.079808,-35.402888
injury,149.18987,-35.214453
property,149.082975,-35.312973
injury,149.119522,-35.240719
injury,149.086843,-35.355832
injury,149.149904,-35.199268
property,149.144049,-35.313798
property,149.1282,-35.186039
property,149.138587,-35.331182
injury,149.132638,-35.277991
injury,149.144984,-35.272119
injury,149.027224,-35.227047
property,149.070542,-35.236901
property,149.133778,-35.266567
property,149.125167,-35.279904
property,149.129566,-35.27299
injury,149.118369,-35.271229
injury,149.114425,-35.319437
property,149.125237,-35.236704
injury,149.110152,-35.258707
injury,149.124381,-35.26653
injury,149.073242,-35.240418
injury,149.15393,-35.194165
property,149.140055,-35.264765
property,149.13392,-35.273463
property,149.131657,-35.263492
property,149.143004,-35.179899
property,149.129515,-35.276746
injury,149.082354,-35.33993
property,149.124552,-35.266456
property,149.135121,-35.25229
property,149.136732,-35.248507
property,149.137094,-35.305135
property,149.145715,-35.273383
property,149.032487,-35.319108
property,149.121921,-35.300498
injury,149.137574,-35.248866
